id,source,source_id,name_cs,name_en,meal_type,kcal,protein_g,carbs_g,fat_g,diet_tags,servings,spoonacular_url,image_url,active
119,spoonacular,1095990,Zapečená kuřecí enchilada s rýží,Chicken Enchilada Rice Casserole,obed,262,14.73,35.75,6.33,gluten_free,12,https://www.foodista.com/recipe/4JJDGP62/chicken-enchilada-rice-casserole,https://img.spoonacular.com/recipes/1095990-312x231.jpg,true
149,spoonacular,639569,Klasický hovězí guláš,Classic Beef Stew,obed,285,34.43,13.61,9.2,low_carb|gluten_free,6,https://www.foodista.com/recipe/PLK8MGFC/classic-beef-stew,https://img.spoonacular.com/recipes/639569-312x231.jpg,true
126,spoonacular,638292,Kuře Rou Zao s rýží,Chicken Rou Zao With Rice,obed,297,24.03,17.99,14.72,gluten_free,4,https://www.foodista.com/recipe/KXKDKYBM/chicken-rou-zao-with-rice,https://img.spoonacular.com/recipes/638292-312x231.jpg,true
125,spoonacular,640634,Krémové kari kuře se žlutou rýží,Creamy Curry Chicken With Yellow Rice,obed,335,3.67,17.84,30.09,vegetarian|vegan|gluten_free,3,https://www.foodista.com/recipe/FH4M8SNQ/creamy-curry-chicken-with-yellow-rice,https://img.spoonacular.com/recipes/640634-312x231.jpg,true
138,spoonacular,660926,Losos s kořením a citronovou barbecue,Spice-Rubbed Lemon Barbecue Salmon,obed,337,35.89,23.42,12.16,low_carb|gluten_free,2,https://www.foodista.com/recipe/CLKQDV8M/spice-rubbed-lemon-barbecue-salmon,https://img.spoonacular.com/recipes/660926-312x231.jpg,true
131,spoonacular,638289,"Kuřecí rollintini s pestem, baby špenátem a hnědou rýží","Chicken Rollintini with Pesto, Baby Spinach & Brown Rice",obed,352,50.65,13.12,9.34,gluten_free|low_fodmap,4,https://www.foodista.com/recipe/NGRM3W7X/chicken-rollinitini-with-pesto-baby-spinach-brown-rice,https://img.spoonacular.com/recipes/638289-312x231.jpg,true
24,meal_cache,whitefish_veg,Bílá ryba se zeleninou,Bílá ryba se zeleninou,obed,360,30,18,12,,1,,,true
20,meal_cache,tuna_salad,Tuňákový salát,Tuňákový salát,obed,380,34,18,16,,1,,,true
27,meal_cache,fish_veg,Ryba se zeleninou,Ryba se zeleninou,obed,380,30,16,14,,1,,,true
139,spoonacular,642619,Losos obalený fetou,Feta Encrusted Salmon,obed,388,43.6,17.83,15.32,low_carb,4,https://www.foodista.com/recipe/PJ28JKQT/fat-free-feta-encrusted-salmon,https://img.spoonacular.com/recipes/642619-312x231.jpg,true
124,spoonacular,716296,Kuře peri peri s chutnou rýží,Peri Peri Chicken and Savoury Rice,obed,395,29.88,7.18,27.37,gluten_free,6,https://www.afrolems.com/2013/07/30/peri-peri-chicken-savoury-rice/,https://img.spoonacular.com/recipes/716296-312x231.jpg,true
28,meal_cache,grilled_salmon,Grilovaný losos,Grilovaný losos,obed,400,34,10,24,,1,,,true
148,spoonacular,646589,Sytý a zdravý hovězí guláš,"Hearty, Healthy Beef Stew",obed,418,29.02,53.23,8.06,low_carb|gluten_free,6,https://www.foodista.com/recipe/FVW6MJXK/hearty-healthy-beef-stew,https://img.spoonacular.com/recipes/646589-312x231.jpg,true
22,meal_cache,salmon_salad,Lososový salát,Lososový salát,obed,420,32,16,24,,1,,,true
23,meal_cache,turkey_veg,Krůtí maso se zeleninou,Krůtí maso se zeleninou,obed,420,36,20,14,,1,,,true
142,spoonacular,660490,Losos sockeye na kiwi a citronovém pyré,Sockeye Salmon on Kiwi & Lemon Puree,obed,433,45.77,12.29,21.67,low_carb|gluten_free,4,https://www.foodista.com/recipe/2H25GCSX/sockeye-salmon-on-kiwi-lemon-puree,https://img.spoonacular.com/recipes/660490-312x231.jpg,true
147,spoonacular,715446,Pomalu vařený hovězí guláš,Slow Cooker Beef Stew,obed,434,44.24,40.53,11.63,low_carb|gluten_free,6,https://www.pinkwhen.com/slow-cooker-beef-stew-recipe/,https://img.spoonacular.com/recipes/715446-312x231.jpg,true
18,meal_cache,lean_meat_veg,Libové maso se zeleninou,Libové maso se zeleninou,obed,440,36,28,14,,1,,,true
146,spoonacular,1697553,Smažený losos s medovou glazurou a kapustou,Pan-Seared Honey Glazed Salmon with Collard Greens,obed,457,38.66,19.6,25.75,low_carb|gluten_free,2,https://maplewoodroad.com/pan-seared-honey-glazed-salmon/,https://img.spoonacular.com/recipes/1697553-312x231.jpg,true
17,meal_cache,chicken_avocado_salad,Kuřecí salát s avokádem,Kuřecí salát s avokádem,obed,460,36,22,24,,1,,,true
30,meal_cache,pork_veg,Vepřová panenka se zeleninou,Vepřová panenka se zeleninou,obed,460,36,22,18,,1,,,true
123,spoonacular,715397,Sýrová kuřecí a rýžová zapečená mísa,Cheesy Chicken and Rice Casserole,obed,464,30.9,21.35,27.95,gluten_free,6,https://www.pinkwhen.com/cheesy-chicken-and-rice-casserole-bake/,https://img.spoonacular.com/recipes/715397-312x231.jpg,true
118,spoonacular,637996,"Kuřecí hnědá ""smažená"" rýže","Chicken Brown ""Fried"" Rice",obed,468,16.34,77.8,10.63,gluten_free,5,https://www.foodista.com/recipe/ZBZ7SBV2/chicken-brown-fried-rice,https://img.spoonacular.com/recipes/637996-312x231.jpg,true
16,meal_cache,fish_rice,Ryba s rýží a salátem,Ryba s rýží a salátem,obed,480,34,48,12,,1,,,true
21,meal_cache,chicken_veg_dinner,Grilované kuře se zeleninou,Grilované kuře se zeleninou,obed,480,40,22,18,,1,,,true
26,meal_cache,lean_beef_veg,Libové hovězí se zeleninou,Libové hovězí se zeleninou,obed,480,38,24,18,,1,,,true
145,spoonacular,654435,Smažený losos na pánvi,Pan Seared Salmon,obed,485,33.91,1.28,37.82,low_carb|gluten_free,2,https://www.foodista.com/recipe/ZCMGYFYW/pan-seared-salmon,https://img.spoonacular.com/recipes/654435-312x231.jpg,true
19,meal_cache,turkey_rice,Krůtí prsa s rýží,Krůtí prsa s rýží,obed,490,40,48,8,,1,,,true
15,meal_cache,turkey_sweet_potato,Krůtí maso se sladkým bramborem,Krůtí maso se sladkým bramborem,obed,500,38,46,10,,1,,,true
25,meal_cache,chicken_stirfry,Kuřecí wok se zeleninou,Kuřecí wok se zeleninou,obed,500,38,36,16,,1,,,true
11,meal_cache,chicken_rice,Kuřecí maso s rýží,Kuřecí maso s rýží,obed,520,42,52,10,,1,,,true
29,meal_cache,beef_stew,Hovězí guláš,Hovězí guláš,obed,520,36,40,16,,1,,,true
144,spoonacular,645856,"Grilovaný losos s třešňovou, ananasovou a mangovou salsou","Grilled Salmon With Cherry, Pineapple, Mango Salsa",obed,537,37.33,60.09,18.79,low_carb|gluten_free,2,https://www.foodista.com/recipe/LX5DDBQX/grilled-salmon-with-cherry-pineapple-mango-salsa,https://img.spoonacular.com/recipes/645856-312x231.jpg,true
12,meal_cache,chicken_rice_bowl,Kuřecí bowl s rýží,Kuřecí bowl s rýží,obed,550,44,54,10,,1,,,true
14,meal_cache,beef_quinoa,Hovězí maso s quinoou,Hovězí maso s quinoou,obed,560,40,48,14,,1,,,true
13,meal_cache,salmon_potatoes,Grilovaný losos s brambory,Grilovaný losos s brambory,obed,580,38,44,18,,1,,,true
129,spoonacular,638252,Kuře Piri Piri s pikantní rýží,Chicken Piri Piri with Spicy Rice,obed,607,29.93,67.64,23.24,,4,https://www.foodista.com/recipe/DKBYDQXR/chicken-piri-piri-with-spicy-rice,https://img.spoonacular.com/recipes/638252-312x231.jpg,true
121,spoonacular,1096293,Sýrové pikantní kuře a rýže z pomalého hrnce,Cheesy Zesty Crockpot Chicken and Rice,obed,610,45.78,38.61,29.34,gluten_free,6,https://www.foodista.com/recipe/S7V5LDDK/cheesy-zesty-crockpot-chicken-and-rice,https://img.spoonacular.com/recipes/1096293-312x231.jpg,true
143,spoonacular,662087,Plněný losos s tapenádou z rajčat a oliv,Stuffed Salmon With Tomato-Olive Tapenade,obed,635,43.87,18.47,43.94,low_carb|gluten_free,2,https://www.foodista.com/recipe/CNBXP6TH/stuffed-salmon-with-tomato-olive-tapenade,https://img.spoonacular.com/recipes/662087-312x231.jpg,true
128,spoonacular,637883,Kuře Adobo s kokosovou zázvorovou rýží,Chicken Adobo & Coconut Ginger Rice,obed,730,32.58,69.46,34.48,gluten_free,4,https://www.foodista.com/recipe/PLHMWYCP/chicken-adobo-coconut-ginger-rice,https://img.spoonacular.com/recipes/637883-312x231.jpg,true
141,spoonacular,662654,Sladký a kouřový losos s zázvorovou mahagonovou rýží,Sweet-N-Smoky Salmon With Ginger Mahogany Rice,obed,732,41.16,96.6,19.32,low_carb|gluten_free|low_fodmap,4,https://www.foodista.com/recipe/2HG3YCHN/sweet-n-smoky-salmon-with-ginger-mahogany-rice,https://img.spoonacular.com/recipes/662654-312x231.jpg,true
122,spoonacular,716361,"Smažená quinoa, hnědá rýže a kuřecí prsa","Stir Fried Quinoa, Brown Rice and Chicken Breast",obed,750,57.79,84.81,19.53,gluten_free,1,https://www.afrolems.com/2014/06/26/stir-fried-quinoa-brown-rice-and-chicken-breast/,https://img.spoonacular.com/recipes/716361-312x231.jpg,true
120,spoonacular,1096017,Mexická kuřecí a rýžová mísa,Mexican Chicken & Rice Bowl,obed,839,61.94,68.29,37.04,gluten_free,4,https://www.foodista.com/recipe/K6M5RCKM/mexican-chicken-rice-bowl,https://img.spoonacular.com/recipes/1096017-312x231.jpg,true
140,spoonacular,659060,Losos confit s omáčkou z citronové trávy,Salmon Confit with Lemongrass Sauce,obed,865,46.3,24.25,67.55,low_carb|gluten_free,2,https://www.foodista.com/recipe/DKLPSG8W/salmon-confit-with-lemon-grass-sauce,https://img.spoonacular.com/recipes/659060-312x231.jpg,true
130,spoonacular,653835,Pomerančové kuře s hnědou rýží (bez lepku),Orange Chicken With Brown Rice (Gluten-Free),obed,897,42.57,58.09,55.7,gluten_free,4,https://www.foodista.com/recipe/L7577Z86/orange-chicken-with-brown-rice-gluten-free,https://img.spoonacular.com/recipes/653835-312x231.jpg,true
56,spoonacular,644045,Ovocný jogurtový parfait,Fruity Yogurt Parfait,snidane,95,3.58,14.94,2.98,low_carb|vegetarian|gluten_free,3,https://www.foodista.com/recipe/D2VB5CD6/fruity-yogurt-parfait,https://img.spoonacular.com/recipes/644045-312x231.jpg,true
49,spoonacular,1697715,Zapečená vejce - Moje oblíbené mini jídlo na snídani s maximální chutí a minimem E,Shirred Eggs - My Favorite Breakfast Mini-Meal with Maximum Flavor and Minimal Effort,snidane,142,8.18,0.82,11.7,low_carb|gluten_free,2,https://maplewoodroad.com/shirred-eggs/,https://img.spoonacular.com/recipes/1697715-312x231.jpg,true
38,spoonacular,644867,Bezlepková pečená ovesná kaše,Gluten-Free Baked Oatmeal,snidane,178,3.68,23.47,8,low_carb|low_fodmap,10,https://www.foodista.com/recipe/V77VJRHB/gluten-free-baked-oatmeal,https://img.spoonacular.com/recipes/644867-312x231.jpg,true
39,spoonacular,654274,Ovesná kaše s ocelovými vločkami přes noc,Overnight Steel Cut Oatmeal,snidane,189,6.55,28.8,5.67,low_carb|vegetarian|gluten_free,8,https://www.foodista.com/recipe/7H4XQBD4/overnight-steel-cut-oatmeal,https://img.spoonacular.com/recipes/654274-312x231.jpg,true
31,spoonacular,639120,Čokoládová ovesná kaše,Chocolate Oatmeal,snidane,194,6.07,37.58,3.74,low_carb|vegetarian|gluten_free,4,https://www.foodista.com/recipe/CZNXJ7GX/chocolate-oatmeal,https://img.spoonacular.com/recipes/639120-312x231.jpg,true
45,spoonacular,1095895,Mini zapečená quinoa s vejcem,Mini Quinoa Egg Breakfast Casserole,snidane,208,7.18,28.1,7.87,low_carb|vegetarian|gluten_free,6,https://www.foodista.com/recipe/56WZCL3S/breakfast-egg-quinoa-with-berries,https://img.spoonacular.com/recipes/1095895-312x231.jpg,true
43,spoonacular,636458,Zajíčkové vejce pro děti,Bunny Eggs Kids Breakfast,snidane,213,8,1.08,19.36,low_carb|gluten_free,6,https://www.foodista.com/recipe/3CWLHXBM/bunny-eggs,https://img.spoonacular.com/recipes/636458-312x231.jpg,true
82,spoonacular,641890,Jednoduchá sýrová míchaná vejce,Easy Cheesy Scrambled Eggs,snidane,246,16.48,1.24,19.16,vegetarian|gluten_free,4,https://www.foodista.com/recipe/X5JCHLYL/easy-cheesy-scrambled-eggs,https://img.spoonacular.com/recipes/641890-312x231.jpg,true
41,spoonacular,647261,Pečená ovesná kaše s medem a malinami,Honey Nut Raspberry Baked Oatmeal,snidane,250,7.15,41.07,7.37,low_carb|gluten_free,3,https://www.foodista.com/recipe/F6QYB4D7/honey-nut-raspberry-baked-oatmeal,https://img.spoonacular.com/recipes/647261-312x231.jpg,true
77,spoonacular,636199,Brokolice s ovsenou kaší,Broccoli Oatmeal Breakfast Casserole,snidane,271,13.22,31.61,11.31,vegetarian|gluten_free,4,https://www.foodista.com/recipe/J33PTBPD/broccoli-oatmeal-breakfast-casserole,https://img.spoonacular.com/recipes/636199-312x231.jpg,true
5,meal_cache,cottage_cheese_fruit,Tvaroh s ovocem,Tvaroh s ovocem,snidane,280,24,30,4,,1,,,true
71,spoonacular,655212,"Snídaňové tyčinky s ovesnou kaší, arašídovým máslem a jablky",Peanut Butter and Apple Oatmeal Breakfast Bars,snidane,288,6.61,43.77,10.71,vegetarian,8,https://www.foodista.com/recipe/TQ5LYYHT/peanut-butter-and-apple-oatmeal-breakfast-bars,https://img.spoonacular.com/recipes/655212-312x231.jpg,true
9,meal_cache,scrambled_eggs_veg,Míchaná vejce se zeleninou,Míchaná vejce se zeleninou,snidane,290,20,10,18,,1,,,true
79,spoonacular,1096067,Zapečená vejce v portobellu,Portobello Baked Eggs,snidane,305,16.41,4.81,24.98,vegetarian|gluten_free,2,https://www.foodista.com/recipe/LTMFVDYR/portobello-baked-eggs,https://img.spoonacular.com/recipes/1096067-312x231.jpg,true
8,meal_cache,omelette_veg,Omeleta se zeleninou,Omeleta se zeleninou,snidane,310,22,12,18,,1,,,true
80,spoonacular,636062,Snídaňová kaše,Breakfast Porridge,snidane,310,7.45,53.02,8.79,vegetarian|gluten_free,6,https://www.foodista.com/recipe/8Y66RK4W/breakfast-porridge,https://img.spoonacular.com/recipes/636062-312x231.jpg,true
51,spoonacular,656481,Smažené vejce se špenátem a rajčaty,Poached Egg With Spinach and Tomato,snidane,314,14.59,21.97,19.99,low_carb|vegetarian,2,https://www.foodista.com/recipe/YYK36BYD/poached-egg-with-spinach-and-tomato,https://img.spoonacular.com/recipes/656481-312x231.jpg,true
2,meal_cache,oatmeal,Ovesná kaše,Ovesná kaše,snidane,320,12,52,8,,1,,,true
81,spoonacular,662581,Zapečené sladké brambory s bramborovými plackami,Sweet Potato Hashbrown Breakfast Bake,snidane,332,9.71,27.75,20.77,vegetarian|gluten_free,4,https://www.foodista.com/recipe/F54STY4M/sweet-potato-hashbrown-breakfast-bake,https://img.spoonacular.com/recipes/662581-312x231.jpg,true
83,spoonacular,662515,Snídaňový chléb se sladkými pomeranči z Floridy,Sweet Florida Orange Breakfast Bread,snidane,354,4.68,55.31,13.28,vegetarian,16,https://www.foodista.com/recipe/26QJRFWL/sweet-florida-orange-breakfast-bread,https://img.spoonacular.com/recipes/662515-312x231.jpg,true
4,meal_cache,eggs_toast,Vejce s celozrnným toastem,Vejce s celozrnným toastem,snidane,360,20,32,14,,1,,,true
10,meal_cache,protein_oatmeal,Proteinová kaše,Proteinová kaše,snidane,360,30,42,8,,1,,,true
3,meal_cache,yogurt_muesli_fruit,Jogurt s müsli a ovocem,Jogurt s müsli a ovocem,snidane,380,15,55,10,,1,,,true
32,spoonacular,654271,Ovesná kaše přes noc,Overnight Oatmeal,snidane,380,8.63,76.59,6.95,low_carb|vegetarian|gluten_free,4,https://www.foodista.com/recipe/R6STZZLG/overnight-oatmeal,https://img.spoonacular.com/recipes/654271-312x231.jpg,true
69,spoonacular,640443,Ovesná kaše s brusinkami a zázvorem s opraženými lískovými oříšky,Cranberry-Ginger Oatmeal With Toasted Hazelnuts,snidane,382,10.38,42.77,21.23,vegetarian|vegan|gluten_free|low_fodmap,1,https://www.foodista.com/recipe/HXWKCN44/cranberry-ginger-oatmeal-with-toasted-hazelnuts,https://img.spoonacular.com/recipes/640443-312x231.jpg,true
58,spoonacular,637705,Jogurtový parfait s třešněmi,Cherries and Yogurt Parfait,snidane,386,11.43,66.09,9.11,low_carb|vegetarian|gluten_free,2,https://www.foodista.com/recipe/B83CD646/cherries-and-yogurt-parfait,https://img.spoonacular.com/recipes/637705-312x231.jpg,true
6,meal_cache,smoothie_protein,Proteinové smoothie s toastem,Proteinové smoothie s toastem,snidane,390,28,42,10,,1,,,true
59,spoonacular,634848,Jogurtový parfait s bobulemi a smetanou,Berries and Cream Yogurt Parfait,snidane,411,12.78,22.9,31.88,low_carb|vegetarian|gluten_free,4,https://www.foodista.com/recipe/8VF6HY2D/berries-and-cream-yogurt-parfait,https://img.spoonacular.com/recipes/634848-312x231.jpg,true
37,spoonacular,655186,Ovesná kaše s broskvemi a smetanou,Peaches And Cream Oatmeal,snidane,412,16.48,74.41,7.34,low_carb|vegetarian|gluten_free,1,https://www.foodista.com/recipe/NCSDKYN6/peaches-and-cream-oatmeal,https://img.spoonacular.com/recipes/655186-312x231.jpg,true
1,meal_cache,oatmeal_banana_eggs,Ovesná kaše s banánem a vejci,Ovesná kaše s banánem a vejci,snidane,420,22,58,12,,1,,,true
36,spoonacular,639477,Ovesná kaše s skořicovými šneky,Cinnamon Roll Oatmeal,snidane,421,7.86,61.94,18.26,low_carb|vegetarian|gluten_free,1,https://www.foodista.com/recipe/J3GVLSB3/cinnamon-roll-oatmeal,https://img.spoonacular.com/recipes/639477-312x231.jpg,true
78,spoonacular,661886,Palačinky s jahodovým dortem,Strawberry Shortcake Pancakes,snidane,425,19.22,69.22,6.77,vegetarian,2,https://www.foodista.com/recipe/5F7L7ZLS/strawberry-shortcake-pancakes,https://img.spoonacular.com/recipes/661886-312x231.jpg,true
7,meal_cache,oatmeal_pancakes,Ovesné palačinky s ovocem,Ovesné palačinky s ovocem,snidane,440,18,62,12,,1,,,true
34,spoonacular,646515,Zdravá jihozápadní ovesná kaše,Healthy Southwestern Oatmeal,snidane,440,26.45,31.61,23.33,low_carb|vegetarian|gluten_free,1,https://www.foodista.com/recipe/JMV2JK3H/healthy-southwestern-oatmeal,https://img.spoonacular.com/recipes/646515-312x231.jpg,true
46,spoonacular,636589,Frittata s máslovou dýní,Butternut Squash Frittata,snidane,462,23.89,96.03,3.99,low_carb|gluten_free,1,https://www.foodista.com/recipe/XQXFKGHT/butternut-squash-frittata,https://img.spoonacular.com/recipes/636589-312x231.jpg,true
40,spoonacular,655219,Ovesná kaše s arašídovým máslem a čokoládou,Peanut Butter And Chocolate Oatmeal,snidane,470,19.36,72.94,13.84,low_carb|vegetarian|gluten_free,1,https://www.foodista.com/recipe/JCCVHSNP/peanut-butter-and-chocolate-oatmeal,https://img.spoonacular.com/recipes/655219-312x231.jpg,true
42,spoonacular,673464,Ovesná kaše PB a J přes noc,PB and J Overnight Oatmeal,snidane,474,15.42,49.29,27.5,low_carb|gluten_free,2,https://www.pinkwhen.com/pb-and-j-overnight-oatmeal/,https://img.spoonacular.com/recipes/673464-312x231.jpg,true
70,spoonacular,655181,Ovesná kaše s broskvemi a kokosovou smetanou,Peaches & Coconut Cream Steel Cut Oatmeal,snidane,508,12.85,62.67,24.64,vegetarian|gluten_free,3,https://www.foodista.com/recipe/4RRMGKTR/peaches-coconut-cream-steel-cut-oatmeal,https://img.spoonacular.com/recipes/655181-312x231.jpg,true
33,spoonacular,638604,Chlazená švýcarská ovesná kaše,Chilled Swiss Oatmeal,snidane,523,17.16,89.78,13.65,low_carb|vegetarian|gluten_free,1,https://www.foodista.com/recipe/K232GXCT/chilled-swiss-oatmeal,https://img.spoonacular.com/recipes/638604-312x231.jpg,true
48,spoonacular,660368,Uzený losos s vejci Benedikt s citronovo-dillovou holandskou omáčkou,Smoked Salmon Eggs Benedict With Lemon Dill Hollandaise,snidane,540,41.02,20.98,32.72,low_carb,2,https://www.foodista.com/recipe/MZTVJFS5/smoked-salmon-eggs-benedict-with-lemon-dill-hollandaise,https://img.spoonacular.com/recipes/660368-312x231.jpg,true
55,spoonacular,796873,Jogurtový parfait,Yogurt Parfait,snidane,554,21.86,94.62,11.56,low_carb|vegetarian,2,https://www.afrolems.com/2016/08/06/yogurt-parfait-recipe/,https://img.spoonacular.com/recipes/796873-312x231.jpg,true
52,spoonacular,664054,"Snídaňová směs s krůtí klobásou, mangoldem a sladkými bramborami","Turkey Sausage, Chard & Sweet Potato Breakfast Scramble",snidane,572,34.1,19.87,39.7,low_carb|gluten_free,2,https://www.foodista.com/recipe/S3LTQRHW/turkey-sausage-chard-sweet-potato-breakfast-scramble,https://img.spoonacular.com/recipes/664054-312x231.jpg,true
35,spoonacular,658624,Pečená švestková ovesná kaše,Roasted Plum Oatmeal,snidane,583,18.19,40.29,42.57,low_carb|vegetarian|vegan|gluten_free,4,https://www.foodista.com/recipe/2ZWYP8RM/roasted-plum-oatmeal,https://img.spoonacular.com/recipes/658624-312x231.jpg,true
53,spoonacular,659081,Lososová frittata,Salmon Frittata,snidane,625,65.68,12.78,34.34,low_carb|gluten_free,4,https://www.foodista.com/recipe/7N2GD5TZ/salmon-frittata,https://img.spoonacular.com/recipes/659081-312x231.jpg,true
54,spoonacular,653775,"Sendvič s vejcem na otevřeném chlebu s slaninou, chřestem a pestem","Open-Face Egg Sandwich with Bacon, Asparagus, and Pesto",snidane,654,26.72,47.26,41.71,low_carb,4,https://www.foodista.com/recipe/RMWVZKKR/open-face-egg-sandwich-with-bacon-asparagus-and-pesto,https://img.spoonacular.com/recipes/653775-312x231.jpg,true
47,spoonacular,716432,Předkrmy: Muffiny z frittaty,Finger Foods: Frittata Muffins,snidane,655,49.45,12.9,44.88,low_carb|vegetarian|gluten_free,1,https://fullbellysisters.blogspot.com/2014/05/finger-foods-frittata-muffins.html,https://img.spoonacular.com/recipes/716432-312x231.jpg,true
44,spoonacular,1096058,Snídaňový burrito se slaninou a vejcem,Sausage and Egg Breakfast Burrito,snidane,714,27.05,28.92,54.61,low_carb,1,https://www.foodista.com/recipe/PL6NFVC3/sausage-and-egg-breakfast-burrito,https://img.spoonacular.com/recipes/1096058-312x231.jpg,true
57,spoonacular,650860,Jogurtový parfait s mangostanem a avokádem,Mangosteen Avocado Yogurt Parfait,snidane,728,14.68,58.17,53.82,low_carb|vegetarian|gluten_free,2,https://www.foodista.com/recipe/6TXP4WHB/mangosteen-avocado-yogurt-parfait,https://img.spoonacular.com/recipes/650860-312x231.jpg,true
76,spoonacular,635964,Chlebová omeleta,Bread Omlette,snidane,825,44.6,90.4,30.27,vegetarian,1,https://www.foodista.com/recipe/2M6MVKZT/bread-omlette,https://img.spoonacular.com/recipes/635964-312x231.jpg,true
50,spoonacular,640275,Krabí koláčky s vejci Benedikt,Crab Cakes Eggs Benedict,snidane,899,42.16,41.53,58.89,low_carb,3,https://www.foodista.com/recipe/P53KDVS3/crab-cakes-eggs-benedict,https://img.spoonacular.com/recipes/640275-312x231.jpg,true
253,spoonacular,664340,Vanilkový jogurtový mousse s jahodovým marshmallow,Vanilla Yogurt Mousse With Strawberry Marshmallow,svacina,99,4.55,16.77,1.97,low_carb|vegetarian|gluten_free,2,https://www.foodista.com/recipe/KPTWV76C/vanilla-yogurt-mousse-with-strawberry-marshmallow,https://img.spoonacular.com/recipes/664340-312x231.jpg,true
263,spoonacular,643945,"Ovocný a špenátový salát s vinaigretterem ""Xocai Activ""","Fruit and Spinach Salad with ""Xocai Activ"" Vinaigrette",svacina,109,2.53,8.47,8.1,low_carb|vegetarian|vegan|gluten_free,8,https://www.foodista.com/recipe/7T88D2Q3/fruit-and-spinach-salad-with-xocai-activ-vinaigrette,https://img.spoonacular.com/recipes/643945-312x231.jpg,true
246,spoonacular,798400,Pikantní kari z černých očí s mangoldem a pečeným lilkem,Spicy Black-Eyed Pea Curry with Swiss Chard and Roasted Eggplant,svacina,129,6.73,23.17,2.2,low_carb|vegetarian|vegan|gluten_free,6,https://www.foodandspice.com/2016/08/spicy-black-eyed-pea-curry-with-swiss.html,https://img.spoonacular.com/recipes/798400-312x231.jpg,true
248,spoonacular,716195,Pikantní hummus po indicku,Spicy Indian-Style Hummus,svacina,134,5.24,15.34,6.38,low_carb|vegetarian|vegan|gluten_free,12,https://www.foodandspice.com/2012/07/spicy-hummus-indian-style.html,https://img.spoonacular.com/recipes/716195-312x231.jpg,true
272,spoonacular,641057,Polévka z dýně a jablek s kari,Curried Butternut Squash and Apple Soup,svacina,134,7.47,23.64,2.66,vegetarian|vegan|gluten_free,1,https://www.foodista.com/recipe/FKQCYKYR/curried-butternut-squash-and-apple-soup,https://img.spoonacular.com/recipes/641057-312x231.jpg,true
257,spoonacular,633226,Smažený baby bok choy,Baby Bok Choy Stir Fry,svacina,139,6.35,12.38,8.96,low_carb|vegetarian|vegan|gluten_free,2,https://www.foodista.com/recipe/4KHXC282/baby-bok-choy-stir-fry,https://img.spoonacular.com/recipes/633226-312x231.jpg,true
261,spoonacular,661322,Houbové plněné špenátem a vlašskými ořechy,Spinach N Walnut Stuffed Mushrooms,svacina,150,5.63,8.62,11.85,low_carb|gluten_free,4,https://www.foodista.com/recipe/RSQPW5N3/spinach-n-walnut-stuffed-mushrooms,https://img.spoonacular.com/recipes/661322-312x231.jpg,true
254,spoonacular,643244,Mražený jogurt s borůvkami ze čtyř ingrediencí,Four-Ingredient Blueberry Frozen Yogurt,svacina,160,4.54,36.41,0.62,low_carb|vegetarian|gluten_free,2,https://www.foodista.com/recipe/4BG3FVST/four-ingredient-blueberry-frozen-yogurt,https://img.spoonacular.com/recipes/643244-312x231.jpg,true
244,spoonacular,642129,Snadné jarní závitky,Easy To Make Spring Rolls,svacina,162,13.32,28.28,2,low_carb|gluten_free,4,https://www.foodista.com/recipe/B5HHJWNP/easy-to-make-spring-rolls,https://img.spoonacular.com/recipes/642129-312x231.jpg,true
260,spoonacular,658414,Salát z pečeného květáku s fazolkami a cherry rajčaty,Roast Cauliflower Salad with Green Beans and Cherry Tomatoes,svacina,189,6.46,20.39,11.31,low_carb|vegetarian|vegan|gluten_free,6,https://www.foodista.com/recipe/ZCRN8JDC/roast-cauliflower-salad-with-green-beans-and-cherry-tomatoes,https://img.spoonacular.com/recipes/658414-312x231.jpg,true
264,spoonacular,632003,Africká fazolová polévka,African Bean Soup,svacina,189,9.58,29.37,4.78,low_carb|vegetarian|vegan|gluten_free,4,https://www.foodista.com/recipe/5WXW6JDS/african-bean-soup,https://img.spoonacular.com/recipes/632003-312x231.jpg,true
284,spoonacular,643505,Čerstvý salát z fazolek a rajčat s krémovým česnekovým dresinkem,Fresh Green Bean and Tomato Salad with Creamy Garlic Dressing,svacina,196,6.1,21.48,11.76,vegetarian|vegan|gluten_free,4,https://www.foodista.com/recipe/ZVJWW8NM/fresh-green-bean-and-tomato-salad-with-creamy-garlic-dressing,https://img.spoonacular.com/recipes/643505-312x231.jpg,true
249,spoonacular,664547,Zeleninový dip,Vegetable Dip,svacina,210,15.62,32.71,3.6,low_carb|vegetarian|gluten_free,3,https://www.foodista.com/recipe/WMHFXKKF/vegetable-dip,https://img.spoonacular.com/recipes/664547-312x231.jpg,true
242,spoonacular,716406,Polévka z chřestu a hrášku: Opravdové pohodlné jídlo,Asparagus and Pea Soup: Real Convenience Food,svacina,217,10.84,28.83,7.76,low_carb|vegetarian|vegan|gluten_free,2,https://fullbellysisters.blogspot.com/2011/03/asparagus-and-pea-soup-real-convenience.html,https://img.spoonacular.com/recipes/716406-312x231.jpg,true
245,spoonacular,640062,Salsa z kukuřice a avokáda,Corn Avocado Salsa,svacina,237,4.62,26.27,15.58,low_carb|vegetarian|vegan|gluten_free,2,https://www.foodista.com/recipe/BDRS2JZG/corn-avocado-salsa,https://img.spoonacular.com/recipes/640062-312x231.jpg,true
243,spoonacular,716426,"Smažená rýže s květákem, hnědou rýží a zeleninou","Cauliflower, Brown Rice, and Vegetable Fried Rice",svacina,248,7.06,28.91,12.96,low_carb|vegetarian|vegan|gluten_free,8,https://fullbellysisters.blogspot.com/2012/01/cauliflower-fried-rice-more-veggies.html,https://img.spoonacular.com/recipes/716426-312x231.jpg,true
258,spoonacular,664754,Zeleninové chili plněné quinou,Veggie-Quinoa Stuffed Chilis,svacina,260,7.76,43.95,7.75,low_carb|vegetarian|gluten_free,6,https://www.foodista.com/recipe/L2QPZ4YM/veggie-quinoa-stuffed-chilis,https://img.spoonacular.com/recipes/664754-312x231.jpg,true
259,spoonacular,1095750,Těstoviny z celozrnné pšenice s bazalkovým avokádovým pestem,Whole Wheat Spaghetti with Basil Avocado Pesto,svacina,286,10.55,47.77,8.07,low_carb|vegetarian|vegan,4,https://www.foodista.com/recipe/GYVS8LP3/oil-free-pesto-w-basil-avocado,https://img.spoonacular.com/recipes/1095750-312x231.jpg,true
252,spoonacular,643615,Jogurtový dort s čerstvými jahodami,Fresh Strawberry Yogurt Cake,svacina,310,6.47,33.98,16.83,low_carb|vegetarian,12,https://www.foodista.com/recipe/46G6555H/fresh-strawberry-yogurt-cake,https://img.spoonacular.com/recipes/643615-312x231.jpg,true
250,spoonacular,645384,Kuřecí salát s řeckým jogurtem,Greek Yogurt Chicken Salad,svacina,334,41.31,16.46,11.43,low_carb|gluten_free,4,https://www.foodista.com/recipe/F7WPPMM3/greek-yogurt-chicken-salad,https://img.spoonacular.com/recipes/645384-312x231.jpg,true
251,spoonacular,652111,Jogurt s lesním ovocem a mandlemi,Mixed Berry Yogurt with Almonds,svacina,336,26.05,42.07,8.04,low_carb|vegetarian|gluten_free,1,https://www.foodista.com/recipe/JTL6CSPM/mixed-berry-yogurt-with-almonds,https://img.spoonacular.com/recipes/652111-312x231.jpg,true
247,spoonacular,661925,Salát z quinoy se jahodami a mangem,Strawberry-Mango Quinoa Salad,svacina,354,7.78,45.92,16.8,low_carb|vegetarian|gluten_free,4,https://www.foodista.com/recipe/K2BYJP76/strawberry-mango-quinoa-salad,https://img.spoonacular.com/recipes/661925-312x231.jpg,true
262,spoonacular,661433,Jarní salát s vlašským ořechovým vinaigretterem,Spring Salad with Walnut Vinaigrette,svacina,604,8.73,43.22,47.5,low_carb|vegetarian|gluten_free,2,https://www.foodista.com/recipe/LW2GVYRT/spring-salad-with-walnut-vinaigrette,https://img.spoonacular.com/recipes/661433-312x231.jpg,true
255,spoonacular,665553,Jogurtový mousse s malinovou omáčkou,Yogurt Mousse With Raspberry Sauce,svacina,638,12.54,98.49,24.42,low_carb,4,http://www.foodista.com/recipe/C2KG228V/yogurt-mousse-with-raspberry-sauce,https://img.spoonacular.com/recipes/665553-312x231.jpg,true
256,spoonacular,633139,Mražený jogurt s avokádem a čokoládovými kousky,Avocado Chocolate Bits Frozen Yogurt,svacina,701,14.68,79.29,37.99,low_carb|gluten_free,4,https://www.foodista.com/recipe/4RLKWMW5/avocado-chocolate-bits-frozen-yogurt,https://img.spoonacular.com/recipes/633139-312x231.jpg,true
208,spoonacular,652750,Mušle a škeble na bílém víně {Cozze e Vongole},Mussels & Clams in White Wine {Cozze e Vongole},vecere,115,1.93,9.21,3.99,vegetarian|vegan|gluten_free,4,https://www.foodista.com/recipe/TXM3X2KZ/mussels-clams-in-white-wine-cozze-e-vongole,https://img.spoonacular.com/recipes/652750-312x231.jpg,true
169,spoonacular,647311,Grilované kuře s medovou glazurou,Honey-Glazed Grilled Chicken,vecere,152,25.02,4.17,3,low_carb|gluten_free,6,https://www.foodista.com/recipe/J7BN6L6S/honey-glazed-grilled-chicken,https://img.spoonacular.com/recipes/647311-312x231.jpg,true
209,spoonacular,645769,Grilované krevetky s masalou a ananasovo-mátovým raitou,Grilled Masala Prawns With Pineapple-Mint Raita,vecere,206,2.92,14.79,16.08,vegetarian|gluten_free,4,https://www.foodista.com/recipe/KG8CVC3X/grilled-masala-prawns-with-pineapple-mint-raita,https://img.spoonacular.com/recipes/645769-312x231.jpg,true
174,spoonacular,645621,Grilované kuře a salát z červených brambor s kukuřicí,Grilled Chicken & Corn Red Potato Salad,vecere,248,12.89,33.49,7.24,low_carb|gluten_free,8,http://www.foodista.com/recipe/8PSQYHCM/grilled-chicken-corn-red-potato-salad-with-jalapeno-vinaigrette,https://img.spoonacular.com/recipes/645621-312x231.jpg,true
134,spoonacular,633921,Losos glazovaný balzamikem a medem s citronovým chřestem,Balsamic & Honey Glazed Salmon with Lemony Asparagus,vecere,301,25.18,18.46,14.45,low_carb|gluten_free,2,https://www.foodista.com/recipe/CK5NCLGT/balsamic-honey-glazed-salmon-with-lemony-asparagus,https://img.spoonacular.com/recipes/633921-312x231.jpg,true
168,spoonacular,634434,Grilované kuře marinované v bazalce,Basil Marinated Grilled Chicken,vecere,309,48.26,0.66,11.3,low_carb|gluten_free,8,https://www.foodista.com/recipe/6FPGHLSQ/basil-marinated-grilled-chicken,https://img.spoonacular.com/recipes/634434-312x231.jpg,true
177,spoonacular,637327,Cavatelli s červenou a zelenou řepou,Cavatelli With Red and Green Chard,vecere,314,9.76,50.04,8.34,low_carb,6,https://www.foodista.com/recipe/ZK6SYPNH/cavatelli-with-red-and-green-chard,https://img.spoonacular.com/recipes/637327-312x231.jpg,true
202,spoonacular,640720,Krémové veganské těstoviny s máslovou dýní,Creamy Vegan Butternut Squash Mac and Cheese,vecere,314,11.31,47.65,8.31,vegetarian|vegan,6,https://www.foodista.com/recipe/W2G2NLXR/creamy-vegan-butternut-squash-mac-and-cheese,https://img.spoonacular.com/recipes/640720-312x231.jpg,true
171,spoonacular,649479,Grilované kuře s citronem a rozmarýnem,Lemon & Rosemary Grilled Chicken,vecere,324,36.27,1.63,18.46,low_carb|gluten_free,4,https://www.foodista.com/recipe/J3JRFDTK/lemon-rosemary-grilled-chicken,https://img.spoonacular.com/recipes/649479-312x231.jpg,true
186,spoonacular,633185,Úžasné! Nepečené ~ makarony se sýrem,Awesome! No Bake ~ Macaroni and Cheese,vecere,338,11.21,27.14,20.82,low_carb,16,https://www.foodista.com/recipe/DJBXLXPJ/awesome-no-bake-macaroni-and-cheese,https://img.spoonacular.com/recipes/633185-312x231.jpg,true
190,spoonacular,716408,"Řecký pečený losos: čerstvý, jednoduchý a chutný","Greek-Style Baked Fish: Fresh, Simple, and Delicious",vecere,344,27.77,28.01,12.4,low_carb|gluten_free,4,https://fullbellysisters.blogspot.com/2012/04/greek-style-baked-fish-fresh-simple-and.html,https://img.spoonacular.com/recipes/716408-312x231.jpg,true
207,spoonacular,1487863,Pečené makarony se sýrem,Baked Macaroni and Cheese,vecere,367,15.61,25.93,22.34,vegetarian,8,https://www.pinkwhen.com/baked-macaroni-and-cheese/,https://img.spoonacular.com/recipes/1487863-312x231.jpg,true
205,spoonacular,654991,Zapečené těstoviny pastitsio,Pastitsio,vecere,373,14.1,40.89,17.32,vegetarian,12,https://www.foodista.com/recipe/FYZF5573/pastitsio,https://img.spoonacular.com/recipes/654991-312x231.jpg,true
132,spoonacular,648320,Jade Buddha lososový tartar,Jade Buddha Salmon Tartare,vecere,382,34.26,5.13,24.91,low_carb|gluten_free,2,https://www.foodista.com/recipe/7J3VXBX3/jade-buddha-salmon-tartare,https://img.spoonacular.com/recipes/648320-312x231.jpg,true
175,spoonacular,645673,Grilované kuře se špenátovo-pažitkovým pestem,Grilled Chicken With Spinach-Chive Pesto,vecere,382,28.99,11.58,25.47,low_carb|gluten_free,4,http://www.foodista.com/recipe/D3K3R425/grilled-chicken-with-spinach-chive-pesto,https://img.spoonacular.com/recipes/645673-312x231.jpg,true
199,spoonacular,660736,Halibut s omáčkou ze sóji a zázvoru s broskvovým relishem,Soy Ginger Glazed Halibut with Ginger Peach Relish,vecere,382,49.46,16.74,10.43,low_carb|gluten_free,2,https://www.foodista.com/recipe/2DVW5R35/soy-ginger-glazed-halibut-w-ginger-peach-relish,https://img.spoonacular.com/recipes/660736-312x231.jpg,true
135,spoonacular,640828,Křupavý losos obalený v panko strouhance a bylinkách,Crispy Panko and Herb Crusted Salmon,vecere,390,32.57,13.78,22.16,low_carb,6,https://www.foodista.com/recipe/THDLRSLW/crispy-panko-and-herb-crusted-salmon,https://img.spoonacular.com/recipes/640828-312x231.jpg,true
136,spoonacular,659109,Lososový quinoa risotto,Salmon Quinoa Risotto,vecere,405,21.98,39.45,18.17,low_carb|gluten_free,4,https://www.foodista.com/recipe/KH5STR7N/salmon-quinoa-risotto,https://img.spoonacular.com/recipes/659109-312x231.jpg,true
178,spoonacular,642095,Jednoduchá zapečená zahradní lasagne,Easy Skillet Garden Lasagna,vecere,405,20.55,45.23,17.82,low_carb,4,https://www.foodista.com/recipe/DFH4V86Q/easy-skillet-garden-lasagna,https://img.spoonacular.com/recipes/642095-312x231.jpg,true
192,spoonacular,640318,Krabí salát plněné pita kapsy,Crab Salad Stuffed Pita Pockets,vecere,418,38.75,53.99,6.4,low_carb,2,https://www.foodista.com/recipe/4NJDB7X2/crab-salad-stuffed-pita-pockets,https://img.spoonacular.com/recipes/640318-312x231.jpg,true
181,spoonacular,638236,Kuřecí těstoviny Primavera - styl farmářky Flower Patch,Chicken Pasta Primavera - Flower Patch Farmgirl Style,vecere,427,29.16,43.55,15.56,low_carb,8,https://www.foodista.com/recipe/NDRHPYQP/chicken-pasta-primavera-flower-patch-farmgirl-style,https://img.spoonacular.com/recipes/638236-312x231.jpg,true
206,spoonacular,632275,Pečené makarony se sýrem podle Altona Browna,Alton Brown's Baked Macaroni and Cheese,vecere,431,18.68,33.81,24.59,vegetarian,8,https://www.foodista.com/recipe/WH8B2YQT/alton-browns-baked-macaroni-and-cheese,https://img.spoonacular.com/recipes/632275-312x231.jpg,true
137,spoonacular,659143,"Salát z lososa, vodního zelí, fenyklem a baby řepou s citronovým ""kaviárem""","Salmon, Watercress, Fennel and Baby Beetroot Salad With Lemony ""Caviar"" Dressing",vecere,440,27.23,18.51,29.1,low_carb|gluten_free,4,https://www.foodista.com/recipe/WHSTLX2T/salmon-watercress-fennel-and-baby-beetroot-salad-with-lemony-arenkha-msc-dressing,https://img.spoonacular.com/recipes/659143-312x231.jpg,true
127,spoonacular,658546,Pečené kuře a hnědá rýžová polévka,Roasted Chicken and Brown Rice Soup,vecere,449,30.37,44.52,15.9,low_carb|gluten_free,6,https://www.foodista.com/recipe/FHWKS7BD/roasted-chicken-and-brown-rice-soup,https://img.spoonacular.com/recipes/658546-312x231.jpg,true
198,spoonacular,648279,Italské těstoviny s tuňákem,Italian Tuna Pasta,vecere,464,37.7,70.33,2.91,low_carb,3,https://www.foodista.com/recipe/4QNQXMDZ/italian-tuna-pasta,https://img.spoonacular.com/recipes/648279-312x231.jpg,true
133,spoonacular,659135,Losos s pečenou zeleninou,Salmon with roasted vegetables,vecere,496,38.53,44.62,18.41,low_carb|gluten_free,2,https://www.foodista.com/recipe/7TTSVX56/salmon-with-roasted-vegetables,https://img.spoonacular.com/recipes/659135-312x231.jpg,true
180,spoonacular,647563,Sladká batátová lasagne,How Sweet It Is Sweet Potato Lasagne,vecere,501,25.09,53.74,23.69,low_carb|vegetarian|gluten_free,6,https://www.foodista.com/recipe/LYPLYH8P/how-sweet-it-is-sweet-potato-lasagne,https://img.spoonacular.com/recipes/647563-312x231.jpg,true
176,spoonacular,664737,Zeleninové lasagne s pikantní pecorinovou marinárou,Veggie Lasagna Rolls with Peppery Pecorino Marinara,vecere,508,24.98,57.68,21.7,low_carb,6,https://www.foodista.com/recipe/LYYTJFHX/veggie-lasagna-rolls-w-peppery-pecorino-marinara,https://img.spoonacular.com/recipes/664737-312x231.jpg,true
183,spoonacular,1046983,"Skvělé, bezproblémové a snadné keto lasagne s cuketou",Excellent No Fail and Easy Keto Zucchini Lasagna,vecere,523,53.51,21.29,26.36,low_carb|gluten_free,6,https://www.pinkwhen.com/excellent-no-fail-and-easy-keto-zucchini-lasagna-recipe/,https://img.spoonacular.com/recipes/1046983-312x231.jpg,true
179,spoonacular,1697543,Ramen s mletým vepřovým masem,Ground Pork Ramen,vecere,548,26.76,47.52,33.65,low_carb|gluten_free,4,https://maplewoodroad.com/ground-pork-ramen/,https://img.spoonacular.com/recipes/1697543-312x231.jpg,true
184,spoonacular,1165787,Chili mac z instantního hrnce,Instant Pot Chili Mac,vecere,566,38.84,60.24,19.64,low_carb,6,https://www.pinkwhen.com/instant-pot-chili-mac/,https://img.spoonacular.com/recipes/1165787-312x231.jpg,true
204,spoonacular,648446,Janin domácí sýrový makaron,Jana’s Homemade Mac and Cheese,vecere,579,26.89,61.74,24.71,vegetarian,8,https://www.foodista.com/recipe/LQP3QPXR/jana-s-homemade-mac-and-cheese,https://img.spoonacular.com/recipes/648446-312x231.png,true
203,spoonacular,1095743,Kokosové kari s ramenovými nudlemi,Coconut Curry Ramen Noodles,vecere,630,15.64,75.09,32.09,vegetarian|vegan,4,https://www.foodista.com/recipe/58JBLTL2/coconut-curry-ramen-noodles,https://img.spoonacular.com/recipes/1095743-312x231.jpg,true
194,spoonacular,659927,Salát s krevetami a avokádem,Shrimp and Avocado Salad,vecere,639,33.99,53.29,37.05,low_carb|gluten_free,4,https://www.foodista.com/recipe/ZTNWCWQP/shrimp-and-avocado-salad,https://img.spoonacular.com/recipes/659927-312x231.jpg,true
170,spoonacular,645671,Grilované kuře s arašídovou omáčkou,Grilled Chicken with Sateay Sauce,vecere,677,57.07,28.5,37.67,low_carb|gluten_free,4,https://www.foodista.com/recipe/RKXLQ8SZ/grilled-chicken-with-sateay-sauce,https://img.spoonacular.com/recipes/645671-312x231.jpg,true
187,spoonacular,658743,Zavinované lasagne z lilku,Roll Up Eggplant Lasagna,vecere,701,31.25,84.16,28.3,low_carb,3,https://www.foodista.com/recipe/42GML287/roll-up-eggplant-lasagna,https://img.spoonacular.com/recipes/658743-312x231.jpg,true
197,spoonacular,640321,Krabí vrstvy,Crab Stacks,vecere,730,56.41,69.2,26.14,low_carb|gluten_free,3,https://www.foodista.com/recipe/CYLKTQPJ/crab-stacks,https://img.spoonacular.com/recipes/640321-312x231.jpg,true
172,spoonacular,645647,Grilované kuře po myslivecku,Grilled Chicken Hunter Style,vecere,732,83.78,11.21,38.26,low_carb|gluten_free,4,https://www.foodista.com/recipe/D3ZKMQJ3/grilled-chicken-hunter-style,https://img.spoonacular.com/recipes/645647-312x231.jpg,true
182,spoonacular,715573,Jednoduché zapečené lasagne,Simple Skillet Lasagna,vecere,761,30.69,58.45,46.2,low_carb,5,https://www.pinkwhen.com/skillet-lasagna/,https://img.spoonacular.com/recipes/715573-312x231.jpg,true
201,spoonacular,715595,Jak udělat nejvíce sýrové mačkané těstoviny,How to Make the Cheesiest Bowtie Mac and Cheese,vecere,780,28.42,86.31,35.24,vegetarian,4,https://www.pinkwhen.com/mac-and-cheese-recipe/,https://img.spoonacular.com/recipes/715595-312x231.jpg,true
185,spoonacular,660215,Zapečené lasagne s ricottou,Skillet Lasagna Topped with Ricotta,vecere,897,44.95,77.17,46.36,low_carb,4,https://www.foodista.com/recipe/KRS5DZS5/skillet-lasagna-topped-with-ricotta,https://img.spoonacular.com/recipes/660215-312x231.jpg,true
